{
  "IsEncrypted": false,
  "Values": {
    "AzureWebJobsStorage": "",
    "FUNCTIONS_WORKER_RUNTIME": "java",
    "ConnectionString": "jdbc:snowflake://ek22605.east-us-2.azure.snowflakecomputing.com",
    "AccountName": "ek22605.east-us-2.azure",
    "User": "skywalkelectric",
    "Password": "Prabhakar123",
    "Database": "KLINEELECTRIC",
    "Schema": "public",
    "Role": "ACCOUNTADMIN",
    "endPoint": "https://skywalk.cognitiveservices.azure.com/",
    "apiKey": "4f0615c2fc5e4c81bfa619fdae89a561"
  }
}